INSERT INTO skills (NAME) VALUES ('Веб-программирование');
INSERT INTO skills (NAME) VALUES ('Базы данных');
INSERT INTO skills (NAME) VALUES ('Прикладное программирование');
INSERT INTO skills (NAME) VALUES ('Разработка CRM и ERP');

INSERT INTO AUTHORITY (NAME) VALUES ('ROLE_FREELANCER');
INSERT INTO AUTHORITY (NAME) VALUES ('ROLE_EMPLOYER');

--INSERT DATA FOR TEST
--INSERT INTO EMPLOYERS (ID, LOGIN, PASSWORD, CREATED_ON) VALUES (1, 'employer', '$2a$10$Xb8YC/MYDjILSlzWHHjlYexMGn9AWv0EZNwgV4MNDV0Th4wb19IVW', '2020-07-05T08:06:29');
--INSERT INTO FREELANCERS (ID, LOGIN, PASSWORD, CREATED_ON) VALUES (2, 'freelancer1', '$2a$10$Xb8YC/MYDjILSlzWHHjlYexMGn9AWv0EZNwgV4MNDV0Th4wb19IVW', '2020-07-06T08:06:29');
--INSERT INTO FREELANCERS (ID, LOGIN, PASSWORD, CREATED_ON) VALUES (3, 'freelancer2', '$2a$10$Xb8YC/MYDjILSlzWHHjlYexMGn9AWv0EZNwgV4MNDV0Th4wb19IVW', '2020-07-07T08:06:29');
--INSERT INTO FREELANCERS (ID, LOGIN, PASSWORD, CREATED_ON) VALUES (4, 'freelancer3', '$2a$10$Xb8YC/MYDjILSlzWHHjlYexMGn9AWv0EZNwgV4MNDV0Th4wb19IVW', '2020-07-08T08:06:29');
--
--INSERT INTO USER_AUTHORITY (USER_ID, AUTHORITY_NAME) VALUES (1, 'ROLE_EMPLOYER');
--INSERT INTO USER_AUTHORITY (USER_ID, AUTHORITY_NAME) VALUES (2, 'ROLE_FREELANCER');
--INSERT INTO USER_AUTHORITY (USER_ID, AUTHORITY_NAME) VALUES (3, 'ROLE_FREELANCER');
--INSERT INTO USER_AUTHORITY (USER_ID, AUTHORITY_NAME) VALUES (4, 'ROLE_FREELANCER');
--
--INSERT INTO FREELANCER_SKILLS (ID, NAME) VALUES (2, 'Базы данных');
--INSERT INTO FREELANCER_SKILLS (ID, NAME) VALUES (2, 'Веб-программирование');
--INSERT INTO FREELANCER_SKILLS (ID, NAME) VALUES (3, 'Прикладное программирование');
--INSERT INTO FREELANCER_SKILLS (ID, NAME) VALUES (3, 'Базы данных');
--INSERT INTO FREELANCER_SKILLS (ID, NAME) VALUES (4, 'Разработка CRM и ERP');
--
--INSERT INTO JOBS (NAME, DESCRIPTION, EMPLOYER_ID, STAGE, CREATE_ON) VALUES ('job_name_1', 'job_description_1', 1, 'POSTED', '2020-07-05T10:06:29');
--INSERT INTO JOBS (NAME, DESCRIPTION, EMPLOYER_ID, STAGE, CREATE_ON) VALUES ('job_name_2', 'job_description_2', 1, 'POSTED', '2020-07-05T11:06:29');
--INSERT INTO JOBS (NAME, DESCRIPTION, EMPLOYER_ID, STAGE, CREATE_ON) VALUES ('job_name_3', 'job_description_3', 1, 'POSTED', '2020-07-05T12:06:29');
--INSERT INTO JOBS (NAME, DESCRIPTION, EMPLOYER_ID, STAGE, CREATE_ON) VALUES ('job_name_4', 'job_description_4', 1, 'POSTED', '2020-07-05T13:06:29');
--
--INSERT INTO OFFERS (STATE, FREELANCER_ID, JOB_ID) VALUES ('EXPECTATION', 2, 1);
--INSERT INTO OFFERS (STATE, FREELANCER_ID, JOB_ID) VALUES ('EXPECTATION', 3, 1);
--INSERT INTO OFFERS (STATE, FREELANCER_ID, JOB_ID) VALUES ('EXPECTATION', 4, 1);
